feature_id,baseMean,log2FoldChange,lfcSE,stat,pvalue,padj
Montipora_capitata_HIv3___TS.g44772.t1,589.0449392,-1.973993678,0.12311936,-16.03317045,7.50E-58,1.45E-53
Montipora_capitata_HIv3___TS.g41002.t2,4835.000694,-1.006176223,0.07207812,-13.95952368,2.75E-44,2.67E-40
Montipora_capitata_HIv3___RNAseq.g11984.t1,8971.070108,-1.725969939,0.130873752,-13.18805274,1.03E-39,4.98E-36
Montipora_capitata_HIv3___RNAseq.g9253.t1,2542.640807,-2.336265855,0.180818266,-12.92051909,3.45E-38,1.34E-34
Montipora_capitata_HIv3___RNAseq.g3971.t1,8414.695988,-1.721996105,0.134659483,-12.78778191,1.92E-37,6.20E-34
Montipora_capitata_HIv3___RNAseq.g30161.t1,833.6298333,-1.654989887,0.132945861,-12.44860035,1.42E-35,3.94E-32
Montipora_capitata_HIv3___RNAseq.g30045.t1,3814.742411,-1.495908028,0.122473118,-12.21417442,2.61E-34,6.33E-31
Montipora_capitata_HIv3___RNAseq.g47366.t1,3281.275142,-1.198970793,0.102153983,-11.73689717,8.25E-32,1.78E-28
Montipora_capitata_HIv3___RNAseq.g3140.t1,1171.855608,-1.159410368,0.104354464,-11.11030924,1.12E-28,1.97E-25
Montipora_capitata_HIv3___RNAseq.g23527.t1,904.5174146,1.011813314,0.093113789,10.86641762,1.67E-27,2.69E-24
Montipora_capitata_HIv3___RNAseq.g18070.t1,1760.395651,-1.53205614,0.143467562,-10.67876332,1.28E-26,1.77E-23
Montipora_capitata_HIv3___TS.g21451.t2,1947.750689,-1.125880634,0.106456805,-10.57593862,3.85E-26,4.98E-23
Montipora_capitata_HIv3___TS.20856_t,486.3010513,1.266568244,0.121383634,10.43442353,1.73E-25,2.09E-22
Montipora_capitata_HIv3___RNAseq.g27007.t1,48241.40886,-1.224282925,0.1174667,-10.42238289,1.96E-25,2.23E-22
Montipora_capitata_HIv3___RNAseq.g24567.t1,7872.032853,-1.058386178,0.11306071,-9.361219957,7.88E-21,6.37E-18
Montipora_capitata_HIv3___RNAseq.g34475.t1,1756.011432,-1.178895264,0.126667537,-9.307003944,1.31E-20,1.02E-17
Montipora_capitata_HIv3___TS.g36995.t1,2281.374462,-1.352941665,0.145778271,-9.280818432,1.68E-20,1.25E-17
Montipora_capitata_HIv3___RNAseq.g45431.t1,3357.874166,1.101673033,0.119748426,9.199895747,3.58E-20,2.57E-17
Montipora_capitata_HIv3___RNAseq.g30989.t1,405.7884499,-1.001346315,0.108918382,-9.193547472,3.80E-20,2.63E-17
Montipora_capitata_HIv3___RNAseq.g984.t1,707.2971583,-4.01872935,0.442491296,-9.082052879,1.07E-19,6.89E-17
Montipora_capitata_HIv3___RNAseq.g34676.t1,593.8080841,-1.543236073,0.170385265,-9.05733295,1.34E-19,8.19E-17
Montipora_capitata_HIv3___RNAseq.g15682.t1,101.0874362,-2.55769844,0.282429179,-9.056070083,1.35E-19,8.19E-17
Montipora_capitata_HIv3___TS.g13745.t2,362.3599824,-1.43493804,0.163027994,-8.801789209,1.35E-18,7.68E-16
Montipora_capitata_HIv3___RNAseq.g12653.t1,574.4027281,-2.583751734,0.293801836,-8.794198726,1.44E-18,7.98E-16
Montipora_capitata_HIv3___TS.g44925.t1b,1202.367981,-2.052758525,0.234005381,-8.772270607,1.75E-18,9.43E-16
Montipora_capitata_HIv3___RNAseq.g44458.t1,2668.666598,-1.104964759,0.126614264,-8.727016424,2.61E-18,1.37E-15
Montipora_capitata_HIv3___RNAseq.34011_t,1634.738141,-1.149656671,0.133230295,-8.629093482,6.18E-18,3.07E-15
Montipora_capitata_HIv3___RNAseq.g35640.t2,1747.020946,-1.254341038,0.145670619,-8.610803223,7.26E-18,3.52E-15
Montipora_capitata_HIv3___RNAseq.g20073.t1,1335.846613,-1.293319646,0.150473861,-8.594978817,8.33E-18,3.94E-15
Montipora_capitata_HIv3___RNAseq.g7448.t1,1529.322125,-1.049509408,0.122760882,-8.549216943,1.24E-17,5.59E-15
Montipora_capitata_HIv3___RNAseq.g37005.t1,387.1806583,-2.031762429,0.239976828,-8.466494216,2.53E-17,1.09E-14
Montipora_capitata_HIv3___RNAseq.g43993.t1,256.6531265,-2.282370649,0.270299455,-8.443859597,3.07E-17,1.29E-14
Montipora_capitata_HIv3___RNAseq.g44288.t1,341.8662696,-1.53068759,0.183041574,-8.362513244,6.14E-17,2.48E-14
Montipora_capitata_HIv3___RNAseq.g35570.t1,496.5457053,-1.435587746,0.178747272,-8.031382686,9.64E-16,3.46E-13
Montipora_capitata_HIv3___RNAseq.g11983.t1c,32921.02895,-1.337035667,0.166619477,-8.024486032,1.02E-15,3.59E-13
Montipora_capitata_HIv3___RNAseq.g23416.t1,3012.173216,-1.032181183,0.131868399,-7.827358139,4.98E-15,1.67E-12
Montipora_capitata_HIv3___RNAseq.g49812.t1,609.4513342,-2.174612674,0.280579236,-7.750440503,9.16E-15,3.00E-12
Montipora_capitata_HIv3___RNAseq.g13602.t1,3529.649326,-1.017423837,0.131363416,-7.745107944,9.55E-15,3.04E-12
Montipora_capitata_HIv3___RNAseq.g37776.t1,6436.318419,-1.079826724,0.140592833,-7.68052467,1.58E-14,4.88E-12
Montipora_capitata_HIv3___TS.g43063.t1b,1849.293008,1.382610869,0.18100304,7.638605801,2.20E-14,6.65E-12
Montipora_capitata_HIv3___TS.g50862.t1,899.6826285,1.645568852,0.22230705,7.402234213,1.34E-13,3.87E-11
Montipora_capitata_HIv3___RNAseq.g24202.t1,142.402174,1.33005959,0.180121621,7.384230631,1.53E-13,4.31E-11
Montipora_capitata_HIv3___RNAseq.g26667.t1,228.5836025,-8.948276911,1.218414961,-7.344194872,2.07E-13,5.73E-11
Montipora_capitata_HIv3___RNAseq.g27011.t1,14294.66407,-1.263803025,0.174095686,-7.259243763,3.89E-13,1.02E-10
Montipora_capitata_HIv3___RNAseq.g34572.t1,5238.279915,-1.071226741,0.152224354,-7.037157411,1.96E-12,4.64E-10
Montipora_capitata_HIv3___RNAseq.g42273.t1,456.8552645,-1.140517843,0.162411273,-7.022405673,2.18E-12,5.09E-10
Montipora_capitata_HIv3___RNAseq.29390_t,856.0781712,-1.068039655,0.152600183,-6.998940854,2.58E-12,5.88E-10
Montipora_capitata_HIv3___RNAseq.g42028.t1,167.4246803,-5.902513412,0.843655539,-6.99635472,2.63E-12,5.92E-10
Montipora_capitata_HIv3___RNAseq.g34526.t1,2621.340669,-2.056034846,0.298105206,-6.897010859,5.31E-12,1.13E-09
Montipora_capitata_HIv3___RNAseq.g47450.t1,509.2212924,-1.003411572,0.147758097,-6.790907511,1.11E-11,2.30E-09
Montipora_capitata_HIv3___RNAseq.g23568.t1,372.3361447,-1.072168342,0.158261027,-6.77468334,1.25E-11,2.54E-09
Montipora_capitata_HIv3___TS.g11897.t1,1583.65811,1.161775684,0.174022853,6.675994939,2.46E-11,4.62E-09
Montipora_capitata_HIv3___RNAseq.g990.t1,279.3478271,-3.259879734,0.489820673,-6.655251432,2.83E-11,5.27E-09
Montipora_capitata_HIv3___RNAseq.g50210.t1,203.0256933,-2.336023482,0.358328233,-6.519228091,7.07E-11,1.27E-08
Montipora_capitata_HIv3___RNAseq.g24570.t1,519.1192279,-1.1316649,0.174819574,-6.473330616,9.59E-11,1.71E-08
Montipora_capitata_HIv3___RNAseq.g34520.t1,461.8432138,-2.069264364,0.326690118,-6.334028027,2.39E-10,3.80E-08
Montipora_capitata_HIv3___RNAseq.g35695.t1,33602.32769,-1.017079144,0.161871511,-6.283249818,3.32E-10,5.14E-08
Montipora_capitata_HIv3___RNAseq.g23400.t1,155.6627847,-2.038414249,0.325222065,-6.267761233,3.66E-10,5.55E-08
Montipora_capitata_HIv3___TS.g8072.t1,143.5302105,24.37166937,3.907097769,6.237793579,4.44E-10,6.62E-08
Montipora_capitata_HIv3___RNAseq.g30224.t1,715.0206764,-1.863307364,0.298968231,-6.232459401,4.59E-10,6.80E-08
Montipora_capitata_HIv3___RNAseq.g49813.t1,683.1761053,-2.07844118,0.33857055,-6.138871745,8.31E-10,1.18E-07
Montipora_capitata_HIv3___TS.g40797.t1b,79.26740426,7.901058878,1.302774746,6.064792782,1.32E-09,1.78E-07
Montipora_capitata_HIv3___RNAseq.g9468.t1,270.7409279,-1.582645783,0.262445692,-6.030374403,1.64E-09,2.19E-07
Montipora_capitata_HIv3___RNAseq.g35378.t1,379.511839,-1.476067156,0.245465778,-6.013331756,1.82E-09,2.40E-07
Montipora_capitata_HIv3___RNAseq.g23607.t1,224.6431447,-1.349833671,0.226621061,-5.956346978,2.58E-09,3.33E-07
Montipora_capitata_HIv3___RNAseq.g6635.t1,150.5063252,-1.68342336,0.28473974,-5.912147565,3.38E-09,4.22E-07
Montipora_capitata_HIv3___RNAseq.g34522.t1,653.9764982,-1.923778552,0.326232932,-5.896947739,3.70E-09,4.55E-07
Montipora_capitata_HIv3___RNAseq.20936_t,2700.327367,-1.386264376,0.237436298,-5.838468629,5.27E-09,6.34E-07
Montipora_capitata_HIv3___RNAseq.g37006.t1,487.2513253,-1.871483562,0.321541106,-5.820355554,5.87E-09,7.03E-07
Montipora_capitata_HIv3___RNAseq.g621.t1,180.4918565,-1.606535281,0.276497924,-5.810297802,6.24E-09,7.42E-07
Montipora_capitata_HIv3___RNAseq.g49391.t1,417.7590046,-1.117529614,0.194287972,-5.751923803,8.82E-09,1.02E-06
Montipora_capitata_HIv3___RNAseq.g34524.t1,2016.416285,-2.027598046,0.354769193,-5.715259623,1.10E-08,1.24E-06
Montipora_capitata_HIv3___TS.g38255.t1,119.2409788,-5.365212311,0.93967597,-5.709640856,1.13E-08,1.28E-06
Montipora_capitata_HIv3___RNAseq.g26963.t1,292.0603502,1.026125415,0.182351751,5.62717609,1.83E-08,2.00E-06
Montipora_capitata_HIv3___RNAseq.g38839.t1,2281.880188,-1.613271388,0.289361361,-5.575282703,2.47E-08,2.61E-06
Montipora_capitata_HIv3___RNAseq.g40499.t1,457.0003108,1.049727699,0.188827699,5.559182817,2.71E-08,2.84E-06
Montipora_capitata_HIv3___TS.g13273.t1,630.1640125,1.088466542,0.199536669,5.454969997,4.90E-08,4.89E-06
Montipora_capitata_HIv3___TS.g13744.t1,240.7779867,-1.144951235,0.211443966,-5.414915614,6.13E-08,6.00E-06
Montipora_capitata_HIv3___RNAseq.g32656.t1,1342.484615,-4.914589834,0.908658406,-5.408621988,6.35E-08,6.17E-06
Montipora_capitata_HIv3___TS.g3665.t1,414.7427927,-1.08935758,0.203080365,-5.364169884,8.13E-08,7.73E-06
Montipora_capitata_HIv3___TS.g5423.t2,8761.321478,-1.098877675,0.205665776,-5.343026408,9.14E-08,8.60E-06
Montipora_capitata_HIv3___RNAseq.g35594.t2,1659.078375,-1.167201052,0.218697129,-5.337066193,9.45E-08,8.76E-06
Montipora_capitata_HIv3___RNAseq.g33369.t1,787.9219616,-1.100907588,0.206229116,-5.338274293,9.38E-08,8.76E-06
Montipora_capitata_HIv3___RNAseq.g42098.t1,148.3967898,1.105288327,0.207676862,5.322154418,1.03E-07,9.25E-06
Montipora_capitata_HIv3___RNAseq.g42271.t1,339.5166239,-1.909485253,0.359352467,-5.313683446,1.07E-07,9.60E-06
Montipora_capitata_HIv3___RNAseq.g4927.t1,1127.682821,-1.068138321,0.201195008,-5.308970288,1.10E-07,9.76E-06
Montipora_capitata_HIv3___RNAseq.g44060.t1,4131.988258,-1.21600613,0.230784636,-5.269008164,1.37E-07,1.19E-05
Montipora_capitata_HIv3___RNAseq.g13474.t1,52.3274098,-4.763190055,0.904126527,-5.268278183,1.38E-07,1.19E-05
Montipora_capitata_HIv3___RNAseq.g2966.t1,288.0728758,-4.456664472,0.847694169,-5.257396636,1.46E-07,1.25E-05
Montipora_capitata_HIv3___TS.g38258.t1,379.1411511,-1.659885285,0.315957405,-5.253509677,1.49E-07,1.27E-05
Montipora_capitata_HIv3___RNAseq.g12667.t1,321.9270366,-2.16700373,0.414926801,-5.222616915,1.76E-07,1.47E-05
Montipora_capitata_HIv3___RNAseq.g42272.t1,913.3175414,-1.181495892,0.226949636,-5.205982767,1.93E-07,1.59E-05
Montipora_capitata_HIv3___TS.g23388.t1,240.4636004,-1.345195366,0.259286175,-5.188072079,2.12E-07,1.72E-05
Montipora_capitata_HIv3___RNAseq.g33456.t1,173.1548316,-1.479533632,0.285982615,-5.173508995,2.30E-07,1.81E-05
Montipora_capitata_HIv3___RNAseq.g13613.t1,3293.784996,-2.879873521,0.557605313,-5.164716788,2.41E-07,1.88E-05
Montipora_capitata_HIv3___RNAseq.g4517.t1,1850.704678,-1.454457226,0.284580887,-5.110874588,3.21E-07,2.43E-05
Montipora_capitata_HIv3___RNAseq.g24414.t1,347.3668088,-1.360805845,0.267244055,-5.091996703,3.54E-07,2.66E-05
Montipora_capitata_HIv3___TS.g5024.t2,250.7747704,-1.126038774,0.221379067,-5.086473584,3.65E-07,2.72E-05
Montipora_capitata_HIv3___TS.g23311.t1,39.42803633,-6.395056229,1.257735011,-5.08458155,3.68E-07,2.74E-05
Montipora_capitata_HIv3___RNAseq.g22681.t1,267.7269751,-1.553607325,0.311454238,-4.98823626,6.09E-07,4.23E-05
Montipora_capitata_HIv3___TS.27206_t,2515.441129,-1.179288741,0.237430412,-4.966881596,6.80E-07,4.68E-05
Montipora_capitata_HIv3___RNAseq.g33873.t1,352.6554081,-1.909665392,0.386662321,-4.938845307,7.86E-07,5.29E-05
Montipora_capitata_HIv3___RNAseq.g3380.t1,125.2847074,1.046219838,0.212178728,4.930842265,8.19E-07,5.47E-05
Montipora_capitata_HIv3___TS.g7810.t1,60.95719671,6.204561788,1.281243038,4.842611123,1.28E-06,8.20E-05
Montipora_capitata_HIv3___RNAseq.g49964.t1,221.7027468,-1.63461955,0.338007337,-4.836047544,1.32E-06,8.42E-05
Montipora_capitata_HIv3___RNAseq.g12435.t2,467.0381464,-1.024077105,0.213714268,-4.79180502,1.65E-06,0.000101728
Montipora_capitata_HIv3___RNAseq.g33680.t1,719.2699436,-1.367750378,0.286227193,-4.778547993,1.77E-06,0.000108325
Montipora_capitata_HIv3___TS.g9687.t1,352.0927844,-1.669447424,0.350229361,-4.766726062,1.87E-06,0.000114154
Montipora_capitata_HIv3___RNAseq.g19895.t1,187.2266346,-1.141901421,0.242569363,-4.707525327,2.51E-06,0.000148659
Montipora_capitata_HIv3___RNAseq.g29610.t1,177.8187271,-1.349536152,0.289341231,-4.664168137,3.10E-06,0.000180946
Montipora_capitata_HIv3___RNAseq.g16176.t1,87.75546556,-1.599611579,0.34496615,-4.637010263,3.53E-06,0.000199796
Montipora_capitata_HIv3___TS.g12479.t2,187.8202563,-1.395076459,0.303221515,-4.600849184,4.21E-06,0.000231747
Montipora_capitata_HIv3___RNAseq.g30062.t1,231.6207831,-1.599491074,0.348862444,-4.584876074,4.54E-06,0.000248075
Montipora_capitata_HIv3___RNAseq.g41753.t1,439.8501454,-1.014748182,0.221522317,-4.580794357,4.63E-06,0.000251549
Montipora_capitata_HIv3___RNAseq.g35385.t1,2292.642439,-1.217282913,0.266935199,-4.560218809,5.11E-06,0.00027142
Montipora_capitata_HIv3___TS.g44845.t1,1940.695961,-1.08865156,0.239982058,-4.536387292,5.72E-06,0.000299849
Montipora_capitata_HIv3___RNAseq.g34553.t1,1114.537616,-1.295545941,0.288502906,-4.490581952,7.10E-06,0.000359539
Montipora_capitata_HIv3___RNAseq.g35268.t1,11801.16631,-1.117685563,0.25028579,-4.465637322,7.98E-06,0.000397861
Montipora_capitata_HIv3___TS.g12045.t2,53.25023114,-2.844479126,0.646740033,-4.398180074,1.09E-05,0.000526483
Montipora_capitata_HIv3___RNAseq.g31731.t2,175.6561216,1.199057928,0.274815255,4.363141814,1.28E-05,0.000608736
Montipora_capitata_HIv3___RNAseq.g12840.t1,51.42709703,-1.658930204,0.381350263,-4.350148319,1.36E-05,0.000635545
Montipora_capitata_HIv3___RNAseq.g32619.t1,80.88914163,-5.553161187,1.280080253,-4.338135185,1.44E-05,0.000663297
Montipora_capitata_HIv3___RNAseq.g38854.t1,99.42878014,-1.309019743,0.303226722,-4.316966972,1.58E-05,0.000723299
Montipora_capitata_HIv3___RNAseq.g7381.t1,107.8075686,-2.461981961,0.570500856,-4.315474616,1.59E-05,0.000724868
Montipora_capitata_HIv3___RNAseq.g9321.t1b,2199.976485,-2.187080906,0.509941985,-4.288881812,1.80E-05,0.000807754
Montipora_capitata_HIv3___RNAseq.g7633.t1,73.16305481,-1.509857142,0.353799636,-4.267548595,1.98E-05,0.000874773
Montipora_capitata_HIv3___RNAseq.g20095.t1,242.6040859,-1.595023021,0.373912555,-4.265764818,1.99E-05,0.000879784
Montipora_capitata_HIv3___RNAseq.g29587.t1,272.7552461,-1.386186669,0.325306487,-4.261171305,2.03E-05,0.000893993
Montipora_capitata_HIv3___TS.g32799.t1,438.8004917,-2.232177374,0.524073428,-4.25928363,2.05E-05,0.000899535
Montipora_capitata_HIv3___RNAseq.g42270.t1,1358.027498,-1.208017638,0.284224318,-4.250226175,2.14E-05,0.000932474
Montipora_capitata_HIv3___RNAseq.g35155.t1,238.2768156,-1.05914693,0.249395497,-4.246856674,2.17E-05,0.000942358
Montipora_capitata_HIv3___RNAseq.g22601.t1,210.2954795,-1.456509315,0.343902509,-4.235238988,2.28E-05,0.000986351
Montipora_capitata_HIv3___RNAseq.g34470.t1,68.25800836,1.508005368,0.35737577,4.219663153,2.45E-05,0.001046653
Montipora_capitata_HIv3___RNAseq.g19629.t1,70.94339115,-5.261801725,1.248127573,-4.215756335,2.49E-05,0.001060714
Montipora_capitata_HIv3___RNAseq.41126_t,47.2588118,-6.561963401,1.565339894,-4.192037413,2.76E-05,0.001156495
Montipora_capitata_HIv3___TS.g4184.t1,318.8613165,-2.094354291,0.499840681,-4.190043685,2.79E-05,0.001162806
Montipora_capitata_HIv3___RNAseq.g46345.t1c,234.7839312,1.004438331,0.240615093,4.174461032,2.99E-05,0.001229458
Montipora_capitata_HIv3___RNAseq.g34629.t1,99.30170375,-3.865448338,0.927189404,-4.168995374,3.06E-05,0.001248707
Montipora_capitata_HIv3___TS.g29616.t1,265.6312154,1.102339598,0.264693793,4.164584239,3.12E-05,0.001265632
Montipora_capitata_HIv3___TS.g21227.t1,85.83306502,-1.868236274,0.449822,-4.153279015,3.28E-05,0.001315525
Montipora_capitata_HIv3___RNAseq.g18428.t1,157.8305975,-1.249640968,0.305191536,-4.094612142,4.23E-05,0.001626645
Montipora_capitata_HIv3___TS.g40764.t1,85.43966524,-1.135836777,0.279430416,-4.064828706,4.81E-05,0.001802494
Montipora_capitata_HIv3___RNAseq.g41282.t1,108.0596958,-1.122625171,0.278069067,-4.037217022,5.41E-05,0.002005017
Montipora_capitata_HIv3___RNAseq.g35060.t1,403.2920927,-1.021871269,0.253599139,-4.029474523,5.59E-05,0.002060391
Montipora_capitata_HIv3___RNAseq.g12631.t1,4069.403634,-1.434918344,0.356377605,-4.026398756,5.66E-05,0.002079609
Montipora_capitata_HIv3___RNAseq.g7409.t1,2065.380225,-1.231610835,0.307770963,-4.00171226,6.29E-05,0.002270328
Montipora_capitata_HIv3___RNAseq.g9317.t1,141.9641501,-5.344556693,1.339701274,-3.989364492,6.63E-05,0.002374121
Montipora_capitata_HIv3___RNAseq.g21005.t1,60.37842406,-1.038532716,0.261525494,-3.971057274,7.16E-05,0.002540704
Montipora_capitata_HIv3___RNAseq.g34993.t1,71.663144,-1.430769922,0.360578782,-3.967981457,7.25E-05,0.002569007
Montipora_capitata_HIv3___RNAseq.g36843.t1,89.30465614,-1.241154227,0.313484091,-3.959225568,7.52E-05,0.002645681
Montipora_capitata_HIv3___RNAseq.g767.t1,70.42672834,-1.268094854,0.322372531,-3.933631848,8.37E-05,0.002912293
Montipora_capitata_HIv3___RNAseq.g9331.t1,4297.644531,-1.3277431,0.33772382,-3.931446415,8.44E-05,0.002933632
Montipora_capitata_HIv3___RNAseq.g14966.t1,310.9229684,-1.42600146,0.36553958,-3.90108633,9.58E-05,0.003262808
Montipora_capitata_HIv3___RNAseq.g7049.t1,216.7817715,-1.11048814,0.284820991,-3.898898518,9.66E-05,0.003279433
Montipora_capitata_HIv3___RNAseq.g21621.t1,210.8606095,-1.352734474,0.346981101,-3.89858257,9.68E-05,0.003279433
Montipora_capitata_HIv3___TS.g10023.t1a,394.0365476,-1.437724766,0.37173739,-3.86758181,0.00010992,0.00362413
Montipora_capitata_HIv3___TS.g29230.t1,134.0037064,-1.187876835,0.3084207,-3.851482197,0.000117405,0.003831612
Montipora_capitata_HIv3___RNAseq.g4759.t1,1267.095254,-2.202070469,0.574089802,-3.835759598,0.000125177,0.004036115
Montipora_capitata_HIv3___RNAseq.g43132.t1,624.2553679,-1.645475196,0.430587112,-3.821468754,0.000132659,0.00423004
Montipora_capitata_HIv3___RNAseq.g15605.t1,39.56401151,2.28236895,0.597465367,3.820085776,0.000133405,0.004239382
Montipora_capitata_HIv3___TS.g7435.t1,129.6921759,-1.629237792,0.427687654,-3.809410385,0.000139299,0.004376956
Montipora_capitata_HIv3___RNAseq.g20670.t1,79.21604993,-1.590849702,0.418336403,-3.802800072,0.00014307,0.004472014
Montipora_capitata_HIv3___RNAseq.g5525.t1,73.24201808,-1.374005734,0.366383005,-3.750189596,0.000176701,0.005377866
Montipora_capitata_HIv3___RNAseq.g33431.t1,2624.557671,-1.138639357,0.304777832,-3.735965142,0.000186997,0.005655507
Montipora_capitata_HIv3___RNAseq.g34253.t1,112.8868091,-2.1881755,0.587363333,-3.72542067,0.00019499,0.005851806
Montipora_capitata_HIv3___RNAseq.g21286.t1,187.6364603,-2.687012319,0.722952708,-3.716719352,0.000201826,0.006001241
Montipora_capitata_HIv3___RNAseq.g37409.t1,45.04455883,4.84876047,1.312303429,3.694847064,0.000220019,0.006462897
Montipora_capitata_HIv3___RNAseq.24158_t,171.3404878,8.174314631,2.2198686,3.682341662,0.000231101,0.006708788
Montipora_capitata_HIv3___RNAseq.g19359.t1,425.8964551,-1.25045038,0.339850213,-3.679416201,0.000233768,0.006744151
Montipora_capitata_HIv3___RNAseq.g33007.t1c,168.0940524,-1.434717224,0.390302718,-3.675908871,0.000237004,0.006827339
Montipora_capitata_HIv3___RNAseq.g46656.t1,62.87202019,-1.033428139,0.281267051,-3.674188411,0.000238607,0.006853136
Montipora_capitata_HIv3___RNAseq.g37056.t1,461.1437237,-1.092145162,0.297763594,-3.667826365,0.000244621,0.006984494
Montipora_capitata_HIv3___RNAseq.g19189.t1,48.76151525,-2.702686554,0.737556964,-3.664376698,0.000247942,0.007048159
Montipora_capitata_HIv3___RNAseq.g15048.t1,152.6238929,-2.003528771,0.549978746,-3.642920362,0.000269562,0.007562957
Montipora_capitata_HIv3___RNAseq.g31535.t1,46.66885358,-5.045797902,1.385415865,-3.642081795,0.000270442,0.00756718
Montipora_capitata_HIv3___RNAseq.g18177.t1,371.674998,-1.006116625,0.276637641,-3.636947674,0.000275888,0.007662808
Montipora_capitata_HIv3___RNAseq.g25319.t1,54.68191248,1.337563622,0.368068392,3.634008381,0.000279052,0.007739595
Montipora_capitata_HIv3___RNAseq.g12414.t1,58.96378272,1.106733217,0.304852255,3.63039209,0.000282991,0.007793106
Montipora_capitata_HIv3___RNAseq.g18880.t1,701.9116115,-1.041638503,0.287011732,-3.629254088,0.000284241,0.00781454
Montipora_capitata_HIv3___RNAseq.g18885.t1,574.1955627,-1.04386614,0.288542366,-3.61772226,0.000297207,0.008081281
Montipora_capitata_HIv3___TS.g30012.t1,51.55915736,1.093355027,0.30458478,3.589657452,0.000331113,0.008817697
Montipora_capitata_HIv3___RNAseq.g6503.t1,75.79703628,-2.659805542,0.742863167,-3.580478423,0.000342966,0.009037645
Montipora_capitata_HIv3___RNAseq.g33444.t1,75.98398953,-1.165086603,0.326607747,-3.567235055,0.000360768,0.009375612
Montipora_capitata_HIv3___RNAseq.g19935.t1,408.2805593,-3.91598026,1.101375081,-3.555537371,0.000377207,0.009698831
Montipora_capitata_HIv3___RNAseq.g41714.t1,92.19246311,-1.259780632,0.354593785,-3.552743125,0.000381237,0.00977555
Montipora_capitata_HIv3___RNAseq.g21685.t1,1463.137638,-1.237098318,0.349807748,-3.536509193,0.000405452,0.010275171
Montipora_capitata_HIv3___RNAseq.g37259.t1,352.2399043,-1.173779426,0.332865057,-3.526292119,0.000421422,0.010596765
Montipora_capitata_HIv3___RNAseq.g34067.t1,38.88094535,-1.709595542,0.486821712,-3.511748756,0.000445169,0.011131911
Montipora_capitata_HIv3___RNAseq.g14825.t3,142.4497843,-1.220088739,0.347940648,-3.506600178,0.000453871,0.011281011
Montipora_capitata_HIv3___RNAseq.g49310.t1,81.394761,-1.540015967,0.439979353,-3.500200536,0.000464908,0.011496399
Montipora_capitata_HIv3___RNAseq.g8753.t2,641.4164029,-1.019470369,0.291314458,-3.499552942,0.000466039,0.01150968
Montipora_capitata_HIv3___RNAseq.g5424.t1,83.97144729,1.24133513,0.355318472,3.493584562,0.000476582,0.011710387
Montipora_capitata_HIv3___RNAseq.g9326.t1,2317.214512,-2.19449552,0.628565288,-3.491276982,0.000480718,0.011754719
Montipora_capitata_HIv3___RNAseq.7193_t,68.00890549,1.280646987,0.367013948,3.489368712,0.000484163,0.011806874
Montipora_capitata_HIv3___RNAseq.g17969.t1,66.86793907,1.174807299,0.338545239,3.470163408,0.000520142,0.012573553
Montipora_capitata_HIv3___RNAseq.g39380.t1,634.08738,-1.539268854,0.444660413,-3.461672794,0.000536829,0.012896544
Montipora_capitata_HIv3___RNAseq.g13424.t1,61.0892039,-3.114083307,0.900022759,-3.460005067,0.000540165,0.012960623
Montipora_capitata_HIv3___RNAseq.7052_t,68.7121012,-3.157901966,0.916528272,-3.44550415,0.000569995,0.0135257
Montipora_capitata_HIv3___RNAseq.g10187.t1,122.7270539,-1.809894466,0.525919808,-3.441388663,0.000578737,0.013664755
Montipora_capitata_HIv3___RNAseq.g41756.t1,179.8504107,-1.37597041,0.400375967,-3.436695813,0.000588857,0.013804307
Montipora_capitata_HIv3___RNAseq.g45357.t1,128.0428562,1.009464796,0.295047457,3.421364162,0.000623078,0.014430633
Montipora_capitata_HIv3___RNAseq.g28043.t1,82.9363231,1.43108349,0.419534182,3.411124888,0.000646955,0.014854318
Montipora_capitata_HIv3___RNAseq.g27644.t1,56.06409001,-1.564149197,0.458614313,-3.410598305,0.000648205,0.014854318
Montipora_capitata_HIv3___TS.g6493.t1,75.87181676,-1.214213445,0.358432206,-3.387567924,0.000705153,0.015804384
Montipora_capitata_HIv3___RNAseq.g745.t1,317.0734046,-1.589092665,0.469923454,-3.381598965,0.000720653,0.016077438
Montipora_capitata_HIv3___RNAseq.g9532.t1,884.1895628,-1.145997878,0.340733831,-3.363322843,0.000770102,0.016965882
Montipora_capitata_HIv3___TS.g30209.t1,103.1686512,1.006185676,0.299941562,3.354605712,0.000794782,0.017316378
Montipora_capitata_HIv3___RNAseq.g19363.t1,80.34423208,-2.02100992,0.603185781,-3.35055962,0.000806484,0.017455714
Montipora_capitata_HIv3___RNAseq.45294_t,67.84932384,-1.601936185,0.479284859,-3.342346741,0.000830732,0.017883938
Montipora_capitata_HIv3___RNAseq.g22636.t1,206.1654373,-1.49115861,0.446159661,-3.342208499,0.000831146,0.017883938
Montipora_capitata_HIv3___TS.g21384.t1,62.00687157,-1.696445502,0.507855512,-3.340409747,0.000836549,0.017980232
Montipora_capitata_HIv3___TS.g33354.t4,48.75385468,1.234708529,0.369988578,3.337153097,0.000846413,0.018054153
Montipora_capitata_HIv3___RNAseq.g12851.t1,153.8694161,1.07597304,0.323586065,3.325152589,0.000883702,0.018667022
Montipora_capitata_HIv3___RNAseq.g34571.t1,983.0809446,-1.179009265,0.354796661,-3.32305626,0.00089037,0.018742231
Montipora_capitata_HIv3___RNAseq.g9625.t1,81.31745146,-6.358738547,1.914279041,-3.321740672,0.000894578,0.018769678
Montipora_capitata_HIv3___RNAseq.g5302.t1,1894.480362,-1.164705629,0.351205506,-3.316308004,0.000912152,0.019076482
Montipora_capitata_HIv3___TS.g48046.t2a,2629.83409,-1.033107527,0.311911934,-3.312176975,0.00092573,0.019318752
Montipora_capitata_HIv3___RNAseq.g36870.t1,250.2315834,-1.256264978,0.380487711,-3.301722874,0.00096093,0.019967355
Montipora_capitata_HIv3___RNAseq.g6371.t1,68.60048241,-1.360181611,0.415370636,-3.274621488,0.001058036,0.021683034
Montipora_capitata_HIv3___RNAseq.g47593.t1,136.1312492,-1.313834509,0.403162695,-3.258819642,0.001118768,0.022735376
Montipora_capitata_HIv3___TS.g2415.t1,355.087684,-1.550703568,0.481403479,-3.221213882,0.001276488,0.025329869
Montipora_capitata_HIv3___RNAseq.g15706.t1,179.865184,-1.189652002,0.369525407,-3.219405157,0.001284568,0.025438129
Montipora_capitata_HIv3___RNAseq.g41497.t1,62.50160728,-2.27342659,0.706451603,-3.218092476,0.001290462,0.02550274
Montipora_capitata_HIv3___RNAseq.g32692.t1,89.74416099,-2.24396327,0.697968549,-3.214991955,0.001304482,0.025720659
Montipora_capitata_HIv3___RNAseq.g6146.t1,55.81631238,1.176333215,0.367154748,3.203916662,0.001355717,0.026521986
Montipora_capitata_HIv3___RNAseq.g19122.t1,125.0820829,-5.875400823,1.835583987,-3.200834647,0.001370301,0.026726392
Montipora_capitata_HIv3___RNAseq.g12139.t1,151.2513225,-2.562653357,0.801197014,-3.19853084,0.001381298,0.026913785
Montipora_capitata_HIv3___TS.g21280.t1,2566.537097,-1.612334025,0.504528431,-3.19572481,0.001394801,0.0271496
Montipora_capitata_HIv3___RNAseq.g14844.t1,368.6570722,-1.695473816,0.532195151,-3.185812222,0.001443483,0.027730443
Montipora_capitata_HIv3___TS.g24759.t1,107.3087502,-1.004136557,0.316821992,-3.169402953,0.001527525,0.029119095
Montipora_capitata_HIv3___RNAseq.g31084.t1,42.13045255,1.298164112,0.410778827,3.160250791,0.001576334,0.02981501
Montipora_capitata_HIv3___TS.g35729.t1a,60.37894745,1.593503016,0.506854439,3.143906602,0.001667086,0.031136612
Montipora_capitata_HIv3___RNAseq.g12951.t1,779.1269603,-1.237324255,0.395512282,-3.12840918,0.001757553,0.032420251
Montipora_capitata_HIv3___RNAseq.g37729.t1,72.77207801,1.016247229,0.325835404,3.118897503,0.001815291,0.033263749
Montipora_capitata_HIv3___RNAseq.g20958.t1,253.9731135,-1.66271294,0.533088462,-3.11901881,0.001814544,0.033263749
Montipora_capitata_HIv3___RNAseq.g19099.t1,134.4833554,-1.693093075,0.542924366,-3.118469496,0.00181793,0.033280643
Montipora_capitata_HIv3___RNAseq.g35676.t1,159.5622855,-1.348443056,0.433378585,-3.111466745,0.001861604,0.033856402
Montipora_capitata_HIv3___RNAseq.g231.t1,61.10362242,-3.650971737,1.175580428,-3.105675843,0.001898447,0.034333203
Montipora_capitata_HIv3___RNAseq.g3498.t1,64.99150758,-1.450612676,0.467875917,-3.100421763,0.001932453,0.034915618
Montipora_capitata_HIv3___TS.g14236.t1,101.279778,-1.908918617,0.617260171,-3.092567294,0.001984332,0.035746886
Montipora_capitata_HIv3___RNAseq.g16717.t1,72.61481066,1.01181848,0.32725986,3.091789139,0.001989541,0.035749836
Montipora_capitata_HIv3___RNAseq.g18598.t1,39.82539782,-1.972069279,0.63910132,-3.085691139,0.002030797,0.036320159
Montipora_capitata_HIv3___RNAseq.g48078.t1,37.36199693,-1.200048696,0.390680388,-3.071689119,0.002128513,0.037616662
Montipora_capitata_HIv3___TS.g10115.t1,80.17553433,-1.321857645,0.431292074,-3.064878132,0.002177587,0.038200079
Montipora_capitata_HIv3___RNAseq.g4255.t1,81.91933305,-1.993937259,0.65610837,-3.039036463,0.002373361,0.040718898
Montipora_capitata_HIv3___RNAseq.g28221.t1,147.0997886,-1.298474748,0.431784627,-3.007227832,0.002636421,0.044214785
Montipora_capitata_HIv3___RNAseq.g44661.t1,417.6380203,1.203090515,0.400490021,3.004046171,0.002664149,0.044641189
Montipora_capitata_HIv3___RNAseq.g18338.t1,86.73885934,-2.197120181,0.734979159,-2.989363921,0.002795589,0.046126036
Montipora_capitata_HIv3___TS.g5432.t1,1595.889627,-1.800013858,0.603813071,-2.981077995,0.002872356,0.04719184
